Id,SequenceType,DescriptionKey,BackgroundColor,Font,FontColor,SoundEffect,Music,Ambience,InteractionSfx,Weather,Choice1,Choice1Response,Choice2,Choice2Response,Choice3,Choice3Response
BAKHITA_001,STORY,BAKHITA_001,#000000,,"<color=""white"">",SaintUnlock_Ambience,,,,CLEAR,,,,,,
BAKHITA_002,STORY,BAKHITA_002,#000000,,"<color=""white"">",,,,,NONE,,,,,,
BAKHITA_003,STORY,BAKHITA_003,#FFFFFF,,<color=#74664B>,STOP,,SummerDay_Ambience,GrassTouch_SFX,NONE,,,,,,
BAKHITA_004,STORY,BAKHITA_004,#FFFFFF,,<color=#74664B>,,,,,NONE,,,,,,
BAKHITA_005,STORY,BAKHITA_005,#FFFFFF,,<color=#74664B>,,,,,NONE,,,,,,
BAKHITA_006,STORY,BAKHITA_006,#FFFFFF,,<color=#74664B>,,,,,NONE,,,,,,
BAKHITA_007,STORY,BAKHITA_007,#FFFFFF,,<color=#74664B>,,,,,NONE,,,,,,
BAKHITA_008,STORY,BAKHITA_008,#FFFFFF,,<color=#74664B>,,,,,NONE,,,,,,
BAKHITA_009,STORY,BAKHITA_009,#FFFFFF,,<color=#74664B>,,,,,NONE,,,,,,
BAKHITA_010,STORY,BAKHITA_010,#FFFFFF,,<color=#74664B>,,,,,NONE,,,,,,
BAKHITA_011,STORY,BAKHITA_011,#FFFFFF,,<color=#74664B>,,,,,NONE,,,,,,
BAKHITA_012,CHOICE,BAKHITA_012,#FFFFFF,,<color=#74664B>,,,,,NONE,DIRECTION_NORTH,BAKHITA_VILLAGE_SQ,DIRECTION_WEST,BAKHITA_UNCLE,DIRECTION_EAST,BAKHITA_LIVESTOCK
BAKHITA_013,STORY,BAKHITA_013,#FFFFFF,,<color=#74664B>,,,,,NONE,,,,,,
BAKHITA_014,STORY,BAKHITA_014,#000000,,"<color=""white"">",Thunder_SFX,,RainExterior_Ambience,,RAIN,,,,,,
BAKHITA_015,STORY,BAKHITA_015,#000000,,"<color=""white"">",,,,,NONE,,,,,,
BAKHITA_016,STORY,BAKHITA_016,#000000,,"<color=""white"">",,,,,NONE,,,,,,
BAKHITA_017,STORY,BAKHITA_017,#000000,,"<color=""white"">",,,,,NONE,,,,,,
BAKHITA_018,STORY,BAKHITA_018,#000000,,"<color=""white"">",,,,,NONE,,,,,,
BAKHITA_019,STORY,BAKHITA_019,#000000,,"<color=""white"">",,,,,NONE,,,,,,
BAKHITA_020,STORY,BAKHITA_020,#000000,,"<color=""white"">",,,,,NONE,,,,,,
BAKHITA_021,STORY,BAKHITA_021,#000000,,"<color=""white"">",EvilSpawn,,,,NONE,,,,,,
BAKHITA_022,STORY,BAKHITA_022,#000000,,"<color=""white"">",,,,,NONE,,,,,,
BAKHITA_023,STORY,BAKHITA_023,#000000,,"<color=""white"">",,,,,NONE,,,,,,
BAKHITA_024,STORY,BAKHITA_024,#000000,,"<color=""white"">",Construction_Ambience,,,,NONE,,,,,,
BAKHITA_025,STORY,BAKHITA_025,#000000,,"<color=""white"">",,,,,NONE,,,,,,
BAKHITA_026,STORY,BAKHITA_026,#000000,,"<color=""white"">",,,,,NONE,,,,,,
BAKHITA_027,STORY,BAKHITA_027,#000000,,"<color=""white"">",,,,,NONE,,,,,,
BAKHITA_028,STORY,BAKHITA_028,#000000,,"<color=""white"">",,Night,STOP,,CLEAR,,,,,,
BAKHITA_029,STORY,BAKHITA_029,#000000,,"<color=""white"">",,,,,NONE,,,,,,
BAKHITA_030,STORY,BAKHITA_030,#000000,,"<color=""white"">",,,,,NONE,,,,,,
BAKHITA_031,STORY,BAKHITA_031,#000000,,"<color=""white"">",,,,,NONE,,,,,,
BAKHITA_032,STORY,BAKHITA_032,#000000,,"<color=""white"">",,,,,NONE,,,,,,
BAKHITA_033,STORY,BAKHITA_033,#000000,,"<color=""white"">",,,,,NONE,,,,,,
BAKHITA_034,STORY,BAKHITA_034,#000000,,"<color=""white"">",,,,,NONE,,,,,,
BAKHITA_035,STORY,BAKHITA_035,#000000,,"<color=""white"">",,,,,NONE,,,,,,
BAKHITA_036,STORY,BAKHITA_036,#000000,,"<color=""white"">",,,,,NONE,,,,,,
BAKHITA_037,STORY,BAKHITA_037,#000000,,"<color=""white"">",,,,,NONE,,,,,,
BAKHITA_038,STORY,BAKHITA_038,#000000,,"<color=""white"">",,,,,NONE,,,,,,
BAKHITA_039,STORY,BAKHITA_039,#000000,,"<color=""white"">",,,,,NONE,,,,,,
BAKHITA_040,STORY,BAKHITA_040,#000000,,"<color=""white"">",,,,,NONE,,,,,,
BAKHITA_041,STORY,BAKHITA_041,#000000,,"<color=""white"">",,,,,NONE,,,,,,
BAKHITA_042,STORY,BAKHITA_042,#000000,,"<color=""white"">",,,,,NONE,,,,,,
BAKHITA_043,STORY,BAKHITA_043,#000000,,"<color=""white"">",,,,,NONE,,,,,,
BAKHITA_044,STORY,BAKHITA_044,#000000,,"<color=""white"">",,,,,NONE,,,,,,
BAKHITA_045,STORY,BAKHITA_045,#000000,,"<color=""white"">",,,,,NONE,,,,,,
BAKHITA_046,STORY,BAKHITA_046,#000000,,"<color=""white"">",,,,,NONE,,,,,,
BAKHITA_047,STORY,BAKHITA_047,#FFFFFF,,<color=#74664B>,,,,,NONE,,,,,,
BAKHITA_048,STORY,BAKHITA_048,#FFFFFF,,<color=#74664B>,,,,,NONE,,,,,,
BAKHITA_049,STORY,BAKHITA_049,#FFFFFF,,<color=#74664B>,,,,,NONE,,,,,,
BAKHITA_050,STORY,BAKHITA_050,#FFFFFF,,<color=#74664B>,,,,,NONE,,,,,,
BAKHITA_051,STORY,BAKHITA_051,#FFFFFF,,<color=#74664B>,,,,,NONE,,,,,,
BAKHITA_052,STORY,BAKHITA_052,#FFFFFF,,<color=#74664B>,,,,,NONE,,,,,,
BAKHITA_053,STORY,BAKHITA_053,#FFFFFF,,<color=#74664B>,,,,,NONE,,,,,,
BAKHITA_054,STORY,BAKHITA_054,#FFFFFF,,<color=#74664B>,,,,,NONE,,,,,,
BAKHITA_055,STORY,BAKHITA_055,#FFFFFF,,<color=#74664B>,,,,,NONE,,,,,,
BAKHITA_056,STORY,BAKHITA_056,#FFFFFF,,<color=#74664B>,,,,,NONE,,,,,,
BAKHITA_057,STORY,BAKHITA_057,#FFFFFF,,<color=#74664B>,,,,,NONE,,,,,,
BAKHITA_058,STORY,BAKHITA_058,#FFFFFF,,<color=#74664B>,,,,,NONE,,,,,,
BAKHITA_059,STORY,BAKHITA_059,#FFFFFF,,<color=#74664B>,,,,,NONE,,,,,,
BAKHITA_060,STORY,BAKHITA_060,#000000,,"<color=""white"">",,,,,NONE,,,,,,
BAKHITA_061,STORY,BAKHITA_061,#000000,,"<color=""white"">",,,,,NONE,,,,,,
BAKHITA_062,STORY,BAKHITA_062,#000000,,"<color=""white"">",,,,,NONE,,,,,,
BAKHITA_063,STORY,BAKHITA_063,#000000,,"<color=""white"">",,,,,NONE,,,,,,
BAKHITA_064,STORY,BAKHITA_064,#000000,,"<color=""white"">",,,,,NONE,,,,,,
BAKHITA_065,STORY,BAKHITA_065,#000000,,"<color=""white"">",,,,,NONE,,,,,,
BAKHITA_066,STORY,BAKHITA_066,#000000,,"<color=""white"">",,,,,NONE,,,,,,
BAKHITA_067,STORY,BAKHITA_067,#000000,,"<color=""white"">",,,,,NONE,,,,,,
BAKHITA_068,STORY,BAKHITA_068,#000000,,"<color=""white"">",,,,,NONE,,,,,,
BAKHITA_069,STORY,BAKHITA_069,#000000,,"<color=""white"">",,,,,NONE,,,,,,
BAKHITA_070,STORY,BAKHITA_070,#000000,,"<color=""white"">",,,,,NONE,,,,,,
BAKHITA_071,STORY,BAKHITA_071,#000000,,"<color=""white"">",,,,,NONE,,,,,,
BAKHITA_072,STORY,BAKHITA_072,#000000,,"<color=""white"">",,,,,NONE,,,,,,
BAKHITA_073,STORY,BAKHITA_073,#000000,,"<color=""white"">",,,,,NONE,,,,,,
BAKHITA_074,STORY,BAKHITA_074,#000000,,"<color=""white"">",,,,,NONE,,,,,,
BAKHITA_075,STORY,BAKHITA_075,#000000,,"<color=""white"">",,,,,NONE,,,,,,
BAKHITA_076,STORY,BAKHITA_076,#000000,,"<color=""white"">",,,,,NONE,,,,,,
BAKHITA_077,STORY,BAKHITA_077,#000000,,"<color=""white"">",,,,,NONE,,,,,,
BAKHITA_078,STORY,BAKHITA_078,#000000,,"<color=""white"">",,,,,NONE,,,,,,
BAKHITA_079,STORY,BAKHITA_079,#000000,,"<color=""white"">",,,,,NONE,,,,,,
BAKHITA_080,STORY,BAKHITA_080,#000000,,"<color=""white"">",,,,,NONE,,,,,,
BAKHITA_081,STORY,BAKHITA_081,#000000,,"<color=""white"">",,,,,NONE,,,,,,
BAKHITA_082,STORY,BAKHITA_082,#000000,,"<color=""white"">",,,,,NONE,,,,,,
BAKHITA_083,STORY,BAKHITA_083,#000000,,"<color=""white"">",,,,,NONE,,,,,,
BAKHITA_084,STORY,BAKHITA_084,#000000,,"<color=""white"">",,,,,NONE,,,,,,
BAKHITA_085,STORY,BAKHITA_085,#000000,,"<color=""white"">",,,,,NONE,,,,,,
BAKHITA_086,STORY,BAKHITA_086,#000000,,"<color=""white"">",,,,,NONE,,,,,,
BAKHITA_087,STORY,BAKHITA_087,#000000,,"<color=""white"">",,,,,NONE,,,,,,
BAKHITA_088,STORY,BAKHITA_088,#000000,,"<color=""white"">",,,,,NONE,,,,,,
BAKHITA_089,STORY,BAKHITA_089,#000000,,"<color=""white"">",,,,,NONE,,,,,,
BAKHITA_090,STORY,BAKHITA_090,#000000,,"<color=""white"">",,,,,NONE,,,,,,
BAKHITA_091,STORY,BAKHITA_091,#000000,,"<color=""white"">",,,,,NONE,,,,,,
BAKHITA_092,STORY,BAKHITA_092,#000000,,"<color=""white"">",,,,,NONE,,,,,,
BAKHITA_093,STORY,BAKHITA_093,#000000,,"<color=""white"">",,,,,NONE,,,,,,
BAKHITA_094,STORY,BAKHITA_094,#000000,,"<color=""white"">",,,,,NONE,,,,,,
BAKHITA_095,STORY,BAKHITA_095,#000000,,"<color=""white"">",,,,,NONE,,,,,,
BAKHITA_096,STORY,BAKHITA_096,#000000,,"<color=""white"">",,,,,NONE,,,,,,
BAKHITA_097,STORY,BAKHITA_097,#000000,,"<color=""white"">",,,,,NONE,,,,,,
BAKHITA_098,STORY,BAKHITA_098,#000000,,"<color=""white"">",,,,,NONE,,,,,,
BAKHITA_099,STORY,BAKHITA_099,#000000,,"<color=""white"">",,,,,NONE,,,,,,
BAKHITA_100,STORY,BAKHITA_100,#000000,,"<color=""white"">",,,,,NONE,,,,,,
BAKHITA_101,STORY,BAKHITA_101,#000000,,"<color=""white"">",,,,,NONE,,,,,,
BAKHITA_102,STORY,BAKHITA_102,#000000,,"<color=""white"">",,,,,NONE,,,,,,
BAKHITA_103,STORY,BAKHITA_103,#000000,,"<color=""white"">",,,,,NONE,,,,,,
BAKHITA_104,STORY,BAKHITA_104,#000000,,"<color=""white"">",,,,,NONE,,,,,,
BAKHITA_105,STORY,BAKHITA_105,#000000,,"<color=""white"">",,,,,NONE,,,,,,
BAKHITA_106,STORY,BAKHITA_106,#000000,,"<color=""white"">",,,,,NONE,,,,,,
BAKHITA_107,STORY,BAKHITA_107,#000000,,"<color=""white"">",,,,,NONE,,,,,,
BAKHITA_108,STORY,BAKHITA_108,#000000,,"<color=""white"">",,,,,NONE,,,,,,
BAKHITA_109,STORY,BAKHITA_109,#000000,,"<color=""white"">",,,,,NONE,,,,,,
BAKHITA_110,STORY,BAKHITA_110,#000000,,"<color=""white"">",,,,,NONE,,,,,,
BAKHITA_111,STORY,BAKHITA_111,#000000,,"<color=""white"">",,,,,NONE,,,,,,
BAKHITA_112,STORY,BAKHITA_112,#000000,,"<color=""white"">",,,,,NONE,,,,,,
BAKHITA_113,STORY,BAKHITA_113,#000000,,"<color=""white"">",,,,,NONE,,,,,,
BAKHITA_114,STORY,BAKHITA_114,#000000,,"<color=""white"">",,,,,NONE,,,,,,
BAKHITA_115,STORY,BAKHITA_115,#000000,,"<color=""white"">",,,,,NONE,,,,,,
BAKHITA_116,STORY,BAKHITA_116,#000000,,"<color=""white"">",,,,,NONE,,,,,,
BAKHITA_117,STORY,BAKHITA_117,#FFFFFF,,<color=#74664B>,,,,,NONE,,,,,,
BAKHITA_118,STORY,BAKHITA_118,#FFFFFF,,<color=#74664B>,,,,,NONE,,,,,,
BAKHITA_119,STORY,BAKHITA_119,#FFFFFF,,<color=#74664B>,,,,,NONE,,,,,,
BAKHITA_120,STORY,BAKHITA_120,#FFFFFF,,<color=#74664B>,,,,,NONE,,,,,,
BAKHITA_121,STORY,BAKHITA_121,#FFFFFF,,<color=#74664B>,,,,,NONE,,,,,,
BAKHITA_122,STORY,BAKHITA_122,#FFFFFF,,<color=#74664B>,,,,,NONE,,,,,,
BAKHITA_123,STORY,BAKHITA_123,#FFFFFF,,<color=#74664B>,,,,,NONE,,,,,,
BAKHITA_124,STORY,BAKHITA_124,#FFFFFF,,<color=#74664B>,,,,,NONE,,,,,,
BAKHITA_125,STORY,BAKHITA_125,#FFFFFF,,<color=#74664B>,,,,,NONE,,,,,,
BAKHITA_126,STORY,BAKHITA_126,#FFFFFF,,<color=#74664B>,,,,,NONE,,,,,,
BAKHITA_127,STORY,BAKHITA_127,#FFFFFF,,<color=#74664B>,,,,,NONE,,,,,,
BAKHITA_128,STORY,BAKHITA_128,#FFFFFF,,<color=#74664B>,,,,,NONE,,,,,,
BAKHITA_129,STORY,BAKHITA_129,#FFFFFF,,<color=#74664B>,,,,,NONE,,,,,,
BAKHITA_130,STORY,BAKHITA_130,#FFFFFF,,<color=#74664B>,,,,,NONE,,,,,,
BAKHITA_131,STORY,BAKHITA_131,#FFFFFF,,<color=#74664B>,,,,,NONE,,,,,,
BAKHITA_132,STORY,BAKHITA_132,#FFFFFF,,<color=#74664B>,,,,,NONE,,,,,,
BAKHITA_133,STORY,BAKHITA_133,#FFFFFF,,<color=#74664B>,,,,,NONE,,,,,,
BAKHITA_134,STORY,BAKHITA_134,#FFFFFF,,<color=#74664B>,,,,,NONE,,,,,,
BAKHITA_135,STORY,BAKHITA_135,#FFFFFF,,<color=#74664B>,,,,,NONE,,,,,,
BAKHITA_136,STORY,BAKHITA_136,#FFFFFF,,<color=#74664B>,,,,,NONE,,,,,,
BAKHITA_137,STORY,BAKHITA_137,#FFFFFF,,<color=#74664B>,,,,,NONE,,,,,,
BAKHITA_138,STORY,BAKHITA_138,#FFFFFF,,<color=#74664B>,,,,,NONE,,,,,,
BAKHITA_139,STORY,BAKHITA_139,#FFFFFF,,<color=#74664B>,,,,,NONE,,,,,,
BAKHITA_140,STORY,BAKHITA_140,#FFFFFF,,<color=#74664B>,,,,,NONE,,,,,,
BAKHITA_141,STORY,BAKHITA_141,#FFFFFF,,<color=#74664B>,,,,,NONE,,,,,,
BAKHITA_142,STORY,BAKHITA_142,#FFFFFF,,<color=#74664B>,,,,,NONE,,,,,,
BAKHITA_143,STORY,BAKHITA_143,#FFFFFF,,<color=#74664B>,,,,,NONE,,,,,,
BAKHITA_144,STORY,BAKHITA_144,#FFFFFF,,<color=#74664B>,,,,,NONE,,,,,,
BAKHITA_145,STORY,BAKHITA_145,#FFFFFF,,<color=#74664B>,,,,,NONE,,,,,,
BAKHITA_146,STORY,BAKHITA_146,#FFFFFF,,<color=#74664B>,,,,,NONE,,,,,,
BAKHITA_147,STORY,BAKHITA_147,#FFFFFF,,<color=#74664B>,,,,,NONE,,,,,,
BAKHITA_148,STORY,BAKHITA_148,#FFFFFF,,<color=#74664B>,,,,,NONE,,,,,,
BAKHITA_149,STORY,BAKHITA_149,#FFFFFF,,<color=#74664B>,,,,,NONE,,,,,,
BAKHITA_150,STORY,BAKHITA_150,#FFFFFF,,<color=#74664B>,,,,,NONE,,,,,,
BAKHITA_151,STORY,BAKHITA_151,#FFFFFF,,<color=#74664B>,,,,,NONE,,,,,,
BAKHITA_152,STORY,BAKHITA_152,#FFFFFF,,<color=#74664B>,,,,,NONE,,,,,,
BAKHITA_153,STORY,BAKHITA_153,#FFFFFF,,<color=#74664B>,,,,,NONE,,,,,,
BAKHITA_154,STORY,BAKHITA_154,#FFFFFF,,<color=#74664B>,,,,,NONE,,,,,,
BAKHITA_155,STORY,BAKHITA_155,#FFFFFF,,<color=#74664B>,,,,,NONE,,,,,,
BAKHITA_156,STORY,BAKHITA_156,#FFFFFF,,<color=#74664B>,,,,,NONE,,,,,,
BAKHITA_157,STORY,BAKHITA_157,#FFFFFF,,<color=#74664B>,,,,,NONE,,,,,,
BAKHITA_158,STORY,BAKHITA_158,#000000,,"<color=""white"">",,,,,NONE,,,,,,
BAKHITA_159,STORY,BAKHITA_159,#000000,,"<color=""white"">",,,,,NONE,,,,,,
BAKHITA_160,STORY,BAKHITA_160,#000000,,"<color=""white"">",,,,,NONE,,,,,,
BAKHITA_161,STORY,BAKHITA_161,#000000,,"<color=""white"">",,,,,NONE,,,,,,
BAKHITA_162,STORY,BAKHITA_162,#000000,,"<color=""white"">",,,,,NONE,,,,,,
BAKHITA_163,STORY,BAKHITA_163,#000000,,"<color=""white"">",Cheer_SFX,,,,NONE,,,,,,
BAKHITA_164,STORY,BAKHITA_164,#000000,,"<color=""white"">",,MainMenu_Music,SummerDay_Ambience,,NONE,,,,,,
BAKHITA_165,STORY,BAKHITA_165,#000000,,"<color=""white"">",,,,,NONE,,,,,,
BAKHITA_166,STORY,BAKHITA_166,#000000,,"<color=""white"">",,,,,NONE,,,,,,
BAKHITA_167,STORY,BAKHITA_167,#000000,,"<color=""white"">",,,,,NONE,,,,,,
BAKHITA_168,STORY,BAKHITA_168,#FFFFFF,,<color=#74664B>,ChurchBells_SFX,,,,NONE,,,,,,
BAKHITA_169,STORY,BAKHITA_169,#FFFFFF,,<color=#74664B>,,,,,NONE,,,,,,
BAKHITA_170,STORY,BAKHITA_170,#FFFFFF,,<color=#74664B>,,,,,NONE,,,,,,
BAKHITA_171,STORY,BAKHITA_171,#FFFFFF,,<color=#74664B>,,,,,NONE,,,,,,
BAKHITA_172,STORY,BAKHITA_172,#FFFFFF,,<color=#74664B>,,,,,NONE,,,,,,
BAKHITA_173,STORY,BAKHITA_173,#FFFFFF,,<color=#74664B>,,,,,NONE,,,,,,
BAKHITA_174,STORY,BAKHITA_174,#FFFFFF,,<color=#74664B>,,,,,NONE,,,,,,
BAKHITA_175,STORY,BAKHITA_175,#FFFFFF,,<color=#74664B>,,,,,NONE,,,,,,
BAKHITA_176,STORY,BAKHITA_176,#FFFFFF,,<color=#74664B>,,,,,NONE,,,,,,
BAKHITA_177,STORY,BAKHITA_177,#FFFFFF,,<color=#74664B>,,,,,NONE,,,,,,
BAKHITA_178,STORY,BAKHITA_178,#FFFFFF,,<color=#74664B>,,,,,NONE,,,,,,
BAKHITA_179,STORY,BAKHITA_179,#FFFFFF,,<color=#74664B>,,,,,NONE,,,,,,
BAKHITA_180,STORY,BAKHITA_180,#FFFFFF,,<color=#74664B>,,,,,NONE,,,,,,
BAKHITA_181,STORY,BAKHITA_181,#FFFFFF,,<color=#74664B>,,,,,NONE,,,,,,
BAKHITA_182,STORY,BAKHITA_182,#FFFFFF,,<color=#74664B>,,,,,NONE,,,,,,
BAKHITA_183,STORY,BAKHITA_183,#FFFFFF,,<color=#74664B>,,,,,NONE,,,,,,
BAKHITA_184,STORY,BAKHITA_184,#FFFFFF,,<color=#74664B>,,,,,NONE,,,,,,
BAKHITA_185,STORY,BAKHITA_185,#FFFFFF,,<color=#74664B>,,,,,NONE,,,,,,
BAKHITA_186,STORY,BAKHITA_186,#FFFFFF,,<color=#74664B>,,,,,NONE,,,,,,
BAKHITA_187,STORY,BAKHITA_187,#FFFFFF,,<color=#74664B>,,,,,NONE,,,,,,
BAKHITA_188,STORY,BAKHITA_188,#FFFFFF,,<color=#74664B>,,,,,NONE,,,,,,
BAKHITA_189,STORY,BAKHITA_189,#FFFFFF,,<color=#74664B>,,,,,NONE,,,,,,
BAKHITA_190,STORY,BAKHITA_190,#FFFFFF,,<color=#74664B>,,,,,NONE,,,,,,
BAKHITA_191,STORY,BAKHITA_191,#FFFFFF,,<color=#74664B>,,,,,NONE,,,,,,
BAKHITA_192,STORY,BAKHITA_192,#FFFFFF,,<color=#74664B>,,,,,NONE,,,,,,
BAKHITA_193,STORY,BAKHITA_193,#FFFFFF,,<color=#74664B>,,,,,NONE,,,,,,
BAKHITA_194,STORY,BAKHITA_194,#FFFFFF,,<color=#74664B>,,,,,NONE,,,,,,
BAKHITA_195,STORY,BAKHITA_195,#FFFFFF,,<color=#74664B>,,,,,NONE,,,,,,
BAKHITA_196,STORY,BAKHITA_196,#FFFFFF,,<color=#74664B>,,,,,NONE,,,,,,
BAKHITA_197,STORY,BAKHITA_197,#FFFFFF,,<color=#74664B>,,,,,NONE,,,,,,
BAKHITA_198,STORY,BAKHITA_198,#FFFFFF,,<color=#74664B>,,,,,NONE,,,,,,
BAKHITA_199,STORY,BAKHITA_199,#FFFFFF,,<color=#74664B>,,Adoro Te Devote,,,NONE,,,,,,
BAKHITA_200,STORY,BAKHITA_200,#FFFFFF,,<color=#74664B>,,,,,NONE,,,,,,
BAKHITA_201,STORY,BAKHITA_201,#FFFFFF,,<color=#74664B>,,,,,NONE,,,,,,
BAKHITA_202,STORY,BAKHITA_202,#FFFFFF,,<color=#74664B>,,,,,NONE,,,,,,
BAKHITA_203,STORY,BAKHITA_203,#FFFFFF,,<color=#74664B>,,,,,NONE,,,,,,
BAKHITA_204,STORY,BAKHITA_204,#FFFFFF,,<color=#74664B>,,,,,NONE,,,,,,
BAKHITA_205,STORY,BAKHITA_205,#FFFFFF,,<color=#74664B>,,,,,NONE,,,,,,
BAKHITA_206,STORY,BAKHITA_206,#FFFFFF,,<color=#74664B>,,,,,NONE,,,,,,
BAKHITA_207,STORY,BAKHITA_207,#FFFFFF,,<color=#74664B>,,,,,NONE,,,,,,
BAKHITA_208,STORY,BAKHITA_208,#FFFFFF,,<color=#74664B>,,,,,NONE,,,,,,
BAKHITA_209,STORY,BAKHITA_209,#FFFFFF,,<color=#74664B>,,,,,NONE,,,,,,
BAKHITA_210,STORY,BAKHITA_210,#FFFFFF,,<color=#74664B>,,,,,NONE,,,,,,
BAKHITA_211,STORY,BAKHITA_211,#FFFFFF,,<color=#74664B>,,,,,NONE,,,,,,
BAKHITA_212,STORY,BAKHITA_212,#FFFFFF,,<color=#74664B>,,,,,NONE,,,,,,
BAKHITA_213,STORY,BAKHITA_213,#FFFFFF,,<color=#74664B>,,,,,NONE,,,,,,
BAKHITA_214,STORY,BAKHITA_214,#000000,,"<color=""white"">",,,,,NONE,,,,,,
BAKHITA_215,STORY,BAKHITA_215,#000000,,"<color=""white"">",,,,,NONE,,,,,,
BAKHITA_216,STORY,BAKHITA_216,#000000,,"<color=""white"">",,,,,NONE,,,,,,
BAKHITA_217,STORY,BAKHITA_217,#000000,,"<color=""white"">",,,,,NONE,,,,,,
BAKHITA_218,STORY,BAKHITA_218,#000000,,"<color=""white"">",,,,,NONE,,,,,,
BAKHITA_219,STORY,BAKHITA_219,#FFFFFF,,<color=#74664B>,,,,,NONE,,,,,,
BAKHITA_220,STORY,BAKHITA_220,#FFFFFF,,<color=#74664B>,,,,,NONE,,,,,,
BAKHITA_221,STORY,BAKHITA_221,#FFFFFF,,<color=#74664B>,,,,,NONE,,,,,,
BAKHITA_222,STORY,BAKHITA_222,#FFFFFF,,<color=#74664B>,,,,,NONE,,,,,,
BAKHITA_223,STORY,BAKHITA_223,#FFFFFF,,<color=#74664B>,,,,,NONE,,,,,,
BAKHITA_224,STORY,BAKHITA_224,#FFFFFF,,<color=#74664B>,,,,,NONE,,,,,,
BAKHITA_225,STORY,BAKHITA_225,#FFFFFF,,<color=#74664B>,,,,,NONE,,,,,,
BAKHITA_226,STORY,BAKHITA_226,#FFFFFF,,<color=#74664B>,,,,,NONE,,,,,,
BAKHITA_227,STORY,BAKHITA_227,#FFFFFF,,<color=#74664B>,,,,,NONE,,,,,,
BAKHITA_228,STORY,BAKHITA_228,#FFFFFF,,<color=#74664B>,,,,,NONE,,,,,,
BAKHITA_229,STORY,BAKHITA_229,#FFFFFF,,<color=#74664B>,,,,,NONE,,,,,,
BAKHITA_230,STORY,BAKHITA_230,#FFFFFF,,<color=#74664B>,,,,,NONE,,,,,,
BAKHITA_231,STORY,BAKHITA_231,#FFFFFF,,<color=#74664B>,,,,,NONE,,,,,,
BAKHITA_232,STORY,BAKHITA_232,#FFFFFF,,<color=#74664B>,,,,,NONE,,,,,,
BAKHITA_233,STORY,BAKHITA_233,#FFFFFF,,<color=#74664B>,,,,,NONE,,,,,,
BAKHITA_234,STORY,BAKHITA_234,#FFFFFF,,<color=#74664B>,,,,,NONE,,,,,,
BAKHITA_235,STORY,BAKHITA_235,#FFFFFF,,<color=#74664B>,,,,,NONE,,,,,,
BAKHITA_236,STORY,BAKHITA_236,#FFFFFF,,<color=#74664B>,,,,,NONE,,,,,,
BAKHITA_237,STORY,BAKHITA_237,#FFFFFF,,<color=#74664B>,,,,,NONE,,,,,,
BAKHITA_238,STORY,BAKHITA_238,#FFFFFF,,<color=#74664B>,,,,,NONE,,,,,,
BAKHITA_239,STORY,BAKHITA_239,#FFFFFF,,<color=#74664B>,,,,,NONE,,,,,,
BAKHITA_240,STORY,BAKHITA_240,#FFFFFF,,<color=#74664B>,,,,,NONE,,,,,,
BAKHITA_241,STORY,BAKHITA_241,#FFFFFF,,<color=#74664B>,,,,,NONE,,,,,,
BAKHITA_242,STORY,BAKHITA_242,#FFFFFF,,<color=#74664B>,,,,,NONE,,,,,,
BAKHITA_243,STORY,BAKHITA_243,#FFFFFF,,<color=#74664B>,,,,,NONE,,,,,,
BAKHITA_244,STORY,BAKHITA_244,#FFFFFF,,<color=#74664B>,,,,,NONE,,,,,,
BAKHITA_VILLAGE_SQ,CHOICE,BAKHITA_VILLAGE_SQ,#FFFFFF,,<color=#74664B>,,,,,NONE,DIRECTION_NORTH,BAKHITA_CEMETARY,DIRECTION_EAST,BAKHITA_SCHOOL,DIRECTION_SOUTH,BAKHITA_WELL
BAKHITA_UNCLE,CHOICE,BAKHITA_UNCLE,#FFFFFF,,<color=#74664B>,,,,,NONE,DIRECTION_EAST,BAKHITA_WELL,,,,
BAKHITA_LIVESTOCK,CHOICE,BAKHITA_LIVESTOCK,#FFFFFF,,<color=#74664B>,,,,,NONE,DIRECTION_NORTH,BAKHITA_SCHOOL,DIRECTION_WEST,BAKHITA_WELL,,
BAKHITA_SCHOOL,CHOICE,BAKHITA_SCHOOL,#FFFFFF,,<color=#74664B>,,,,,NONE,DIRECTION_WEST,BAKHITA_VILLAGE_SQ,DIRECTION_SOUTH,BAKHITA_LIVESTOCK,,
BAKHITA_CEMETARY,CHOICE,BAKHITA_CEMETARY,#FFFFFF,,<color=#74664B>,,,,,NONE,DIRECTION_SOUTH,BAKHITA_VILLAGE_SQ,,,,
BAKHITA_WELL,CHOICE,BAKHITA_WELL,#FFFFFF,,<color=#74664B>,,,,,NONE,DIRECTION_NORTH,BAKHITA_VILLAGE_SQ,DIRECTION_WEST,BAKHITA_UNCLE,DIRECTION_EAST,BAKHITA_LIVESTOCK
SANMARTIN_001,STORY,SANMARTIN_001,#000000,,"<color=""white"">",SaintUnlock_Ambience,,,,CLEAR,,,,,,
SANMARTIN_002,STORY,SANMARTIN_002,#000000,,"<color=""white"">",,,,,NONE,,,,,,
SANMARTIN_003,STORY,SANMARTIN_003,#FFFFFF,,<color=#74664B>,STOP,,SummerDay_Ambience,GrassTouch_SFX,NONE,,,,,,
SANMARTIN_004,STORY,SANMARTIN_004,#FFFFFF,,<color=#74664B>,,,,,NONE,,,,,,
SANMARTIN_005,STORY,SANMARTIN_005,#FFFFFF,,<color=#74664B>,,,,,NONE,,,,,,
SANMARTIN_006,STORY,SANMARTIN_006,#FFFFFF,,<color=#74664B>,,,,,NONE,,,,,,
SANMARTIN_007,STORY,SANMARTIN_007,#FFFFFF,,<color=#74664B>,,,,,NONE,,,,,,
SANMARTIN_008,STORY,SANMARTIN_008,#FFFFFF,,<color=#74664B>,,,,,NONE,,,,,,
SANMARTIN_009,STORY,SANMARTIN_009,#FFFFFF,,<color=#74664B>,,,,,NONE,,,,,,
SANMARTIN_010,STORY,SANMARTIN_010,#FFFFFF,,<color=#74664B>,,,,,NONE,,,,,,
SANMARTIN_011,STORY,SANMARTIN_011,#FFFFFF,,<color=#74664B>,,,,,NONE,,,,,,
SANMARTIN_012,STORY,SANMARTIN_012,#FFFFFF,,<color=#74664B>,,,,,NONE,,,,,,
SANMARTIN_013,STORY,SANMARTIN_013,#FFFFFF,,<color=#74664B>,,,,,NONE,,,,,,
SANMARTIN_014,STORY,SANMARTIN_014,#FFFFFF,,<color=#74664B>,,,,,NONE,,,,,,
SANMARTIN_015,STORY,SANMARTIN_015,#FFFFFF,,<color=#74664B>,,,,,NONE,,,,,,
SANMARTIN_016,STORY,SANMARTIN_016,#FFFFFF,,<color=#74664B>,,,,,NONE,,,,,,
SANMARTIN_017,STORY,SANMARTIN_017,#FFFFFF,,<color=#74664B>,,,,,NONE,,,,,,
SANMARTIN_018,STORY,SANMARTIN_018,#FFFFFF,,<color=#74664B>,,,,,NONE,,,,,,
SANMARTIN_019,STORY,SANMARTIN_019,#FFFFFF,,<color=#74664B>,,,,,NONE,,,,,,
SANMARTIN_020,STORY,SANMARTIN_020,#FFFFFF,,<color=#74664B>,,,,,NONE,,,,,,
SANMARTIN_021,STORY,SANMARTIN_021,#FFFFFF,,<color=#74664B>,,,,,NONE,,,,,,
SANMARTIN_022,STORY,SANMARTIN_022,#FFFFFF,,<color=#74664B>,,,,,NONE,,,,,,
SANMARTIN_023,STORY,SANMARTIN_023,#FFFFFF,,<color=#74664B>,,,,,NONE,,,,,,
SANMARTIN_024,STORY,SANMARTIN_024,#FFFFFF,,<color=#74664B>,,,,,NONE,,,,,,
SANMARTIN_025,STORY,SANMARTIN_025,#FFFFFF,,<color=#74664B>,,,,,NONE,,,,,,
SANMARTIN_026,STORY,SANMARTIN_026,#FFFFFF,,<color=#74664B>,,,,,NONE,,,,,,
SANMARTIN_027,STORY,SANMARTIN_027,#FFFFFF,,<color=#74664B>,,,,,NONE,,,,,,
SANMARTIN_028,STORY,SANMARTIN_028,#FFFFFF,,<color=#74664B>,,,,,NONE,,,,,,
SANMARTIN_029,STORY,SANMARTIN_029,#FFFFFF,,<color=#74664B>,,,,,NONE,,,,,,
SANMARTIN_030,STORY,SANMARTIN_030,#FFFFFF,,<color=#74664B>,,,,,NONE,,,,,,
SANMARTIN_031,STORY,SANMARTIN_031,#FFFFFF,,<color=#74664B>,,,,,NONE,,,,,,
SANMARTIN_032,STORY,SANMARTIN_032,#FFFFFF,,<color=#74664B>,,,,,NONE,,,,,,
SANMARTIN_033,STORY,SANMARTIN_033,#FFFFFF,,<color=#74664B>,,,,,NONE,,,,,,
SANMARTIN_034,STORY,SANMARTIN_034,#FFFFFF,,<color=#74664B>,,,,,NONE,,,,,,
SANMARTIN_035,STORY,SANMARTIN_035,#FFFFFF,,<color=#74664B>,,,,,NONE,,,,,,
SANMARTIN_036,STORY,SANMARTIN_036,#FFFFFF,,<color=#74664B>,,,,,NONE,,,,,,
SANMARTIN_037,STORY,SANMARTIN_037,#FFFFFF,,<color=#74664B>,,,,,NONE,,,,,,
SANMARTIN_038,STORY,SANMARTIN_038,#FFFFFF,,<color=#74664B>,,,,,NONE,,,,,,
SANMARTIN_039,STORY,SANMARTIN_039,#FFFFFF,,<color=#74664B>,,,,,NONE,,,,,,
SANMARTIN_040,STORY,SANMARTIN_040,#FFFFFF,,<color=#74664B>,,,,,NONE,,,,,,
SANMARTIN_041,STORY,SANMARTIN_041,#FFFFFF,,<color=#74664B>,,,,,NONE,,,,,,
SANMARTIN_042,STORY,SANMARTIN_042,#FFFFFF,,<color=#74664B>,,,,,NONE,,,,,,
SANMARTIN_043,STORY,SANMARTIN_043,#FFFFFF,,<color=#74664B>,,,,,NONE,,,,,,
SANMARTIN_044,STORY,SANMARTIN_044,#FFFFFF,,<color=#74664B>,,,,,NONE,,,,,,
SANMARTIN_045,STORY,SANMARTIN_045,#FFFFFF,,<color=#74664B>,,,,,NONE,,,,,,
SANMARTIN_046,STORY,SANMARTIN_046,#FFFFFF,,<color=#74664B>,,,,,NONE,,,,,,
SANMARTIN_047,STORY,SANMARTIN_047,#FFFFFF,,<color=#74664B>,,,,,NONE,,,,,,
SANMARTIN_048,STORY,SANMARTIN_048,#FFFFFF,,<color=#74664B>,,,,,NONE,,,,,,
SANMARTIN_049,STORY,SANMARTIN_049,#FFFFFF,,<color=#74664B>,,,,,NONE,,,,,,
SANMARTIN_050,STORY,SANMARTIN_050,#FFFFFF,,<color=#74664B>,,,,,NONE,,,,,,
SANMARTIN_051,STORY,SANMARTIN_051,#FFFFFF,,<color=#74664B>,,,,,NONE,,,,,,
SANMARTIN_052,STORY,SANMARTIN_052,#FFFFFF,,<color=#74664B>,,,,,NONE,,,,,,
SANMARTIN_053,STORY,SANMARTIN_053,#FFFFFF,,<color=#74664B>,,,,,NONE,,,,,,
SANMARTIN_054,STORY,SANMARTIN_054,#FFFFFF,,<color=#74664B>,,,,,NONE,,,,,,
SANMARTIN_055,STORY,SANMARTIN_055,#FFFFFF,,<color=#74664B>,,,,,NONE,,,,,,
SANMARTIN_056,STORY,SANMARTIN_056,#FFFFFF,,<color=#74664B>,,,,,NONE,,,,,,
SANMARTIN_057,STORY,SANMARTIN_057,#FFFFFF,,<color=#74664B>,,,,,NONE,,,,,,
SANMARTIN_058,STORY,SANMARTIN_058,#FFFFFF,,<color=#74664B>,,,,,NONE,,,,,,
SANMARTIN_059,STORY,SANMARTIN_059,#FFFFFF,,<color=#74664B>,,,,,NONE,,,,,,
SANMARTIN_060,STORY,SANMARTIN_060,#FFFFFF,,<color=#74664B>,,,,,NONE,,,,,,
SANMARTIN_061,STORY,SANMARTIN_061,#FFFFFF,,<color=#74664B>,,,,,NONE,,,,,,
SANMARTIN_062,STORY,SANMARTIN_062,#FFFFFF,,<color=#74664B>,,,,,NONE,,,,,,
SANMARTIN_063,STORY,SANMARTIN_063,#FFFFFF,,<color=#74664B>,,,,,NONE,,,,,,
SANMARTIN_064,STORY,SANMARTIN_064,#FFFFFF,,<color=#74664B>,,,,,NONE,,,,,,
SANMARTIN_065,STORY,SANMARTIN_065,#FFFFFF,,<color=#74664B>,,,,,NONE,,,,,,
SANMARTIN_066,STORY,SANMARTIN_066,#FFFFFF,,<color=#74664B>,,,,,NONE,,,,,,
SANMARTIN_067,STORY,SANMARTIN_067,#FFFFFF,,<color=#74664B>,,,,,NONE,,,,,,
SANMARTIN_068,STORY,SANMARTIN_068,#FFFFFF,,<color=#74664B>,,,,,NONE,,,,,,
SANMARTIN_069,STORY,SANMARTIN_069,#FFFFFF,,<color=#74664B>,,,,,NONE,,,,,,
SANMARTIN_070,STORY,SANMARTIN_070,#FFFFFF,,<color=#74664B>,,,,,NONE,,,,,,
SANMARTIN_071,STORY,SANMARTIN_071,#FFFFFF,,<color=#74664B>,,,,,NONE,,,,,,
SANMARTIN_072,STORY,SANMARTIN_072,#FFFFFF,,<color=#74664B>,,,,,NONE,,,,,,
SANMARTIN_073,STORY,SANMARTIN_073,#FFFFFF,,<color=#74664B>,,,,,NONE,,,,,,
SANMARTIN_074,STORY,SANMARTIN_074,#FFFFFF,,<color=#74664B>,,,,,NONE,,,,,,
SANMARTIN_075,STORY,SANMARTIN_075,#FFFFFF,,<color=#74664B>,,,,,NONE,,,,,,
SANMARTIN_076,STORY,SANMARTIN_076,#FFFFFF,,<color=#74664B>,,,,,NONE,,,,,,
SANMARTIN_077,STORY,SANMARTIN_077,#FFFFFF,,<color=#74664B>,,,,,NONE,,,,,,
SANMARTIN_078,STORY,SANMARTIN_078,#FFFFFF,,<color=#74664B>,,,,,NONE,,,,,,
SANMARTIN_079,STORY,SANMARTIN_079,#FFFFFF,,<color=#74664B>,,,,,NONE,,,,,,
SANMARTIN_080,STORY,SANMARTIN_080,#FFFFFF,,<color=#74664B>,,,,,NONE,,,,,,
SANMARTIN_081,STORY,SANMARTIN_081,#FFFFFF,,<color=#74664B>,,,,,NONE,,,,,,
SANMARTIN_082,STORY,SANMARTIN_082,#FFFFFF,,<color=#74664B>,,,,,NONE,,,,,,
SANMARTIN_083,STORY,SANMARTIN_083,#FFFFFF,,<color=#74664B>,,,,,NONE,,,,,,
SANMARTIN_084,STORY,SANMARTIN_084,#FFFFFF,,<color=#74664B>,,,,,NONE,,,,,,
SANMARTIN_085,STORY,SANMARTIN_085,#FFFFFF,,<color=#74664B>,,,,,NONE,,,,,,
SANMARTIN_086,STORY,SANMARTIN_086,#FFFFFF,,<color=#74664B>,,,,,NONE,,,,,,
SANMARTIN_087,STORY,SANMARTIN_087,#FFFFFF,,<color=#74664B>,,,,,NONE,,,,,,
SANMARTIN_088,STORY,SANMARTIN_088,#FFFFFF,,<color=#74664B>,,,,,NONE,,,,,,
SANMARTIN_089,STORY,SANMARTIN_089,#FFFFFF,,<color=#74664B>,,,,,NONE,,,,,,
SANMARTIN_090,STORY,SANMARTIN_090,#FFFFFF,,<color=#74664B>,,,,,NONE,,,,,,
SANMARTIN_091,STORY,SANMARTIN_091,#FFFFFF,,<color=#74664B>,,,,,NONE,,,,,,
SANMARTIN_092,STORY,SANMARTIN_092,#FFFFFF,,<color=#74664B>,,,,,NONE,,,,,,
SANMARTIN_093,STORY,SANMARTIN_093,#FFFFFF,,<color=#74664B>,,,,,NONE,,,,,,
SANMARTIN_094,STORY,SANMARTIN_094,#FFFFFF,,<color=#74664B>,,,,,NONE,,,,,,
SANMARTIN_095,STORY,SANMARTIN_095,#FFFFFF,,<color=#74664B>,,,,,NONE,,,,,,
SANMARTIN_096,STORY,SANMARTIN_096,#FFFFFF,,<color=#74664B>,,,,,NONE,,,,,,
SANMARTIN_097,STORY,SANMARTIN_097,#FFFFFF,,<color=#74664B>,,,,,NONE,,,,,,
SANMARTIN_098,STORY,SANMARTIN_098,#FFFFFF,,<color=#74664B>,,,,,NONE,,,,,,
SANMARTIN_099,STORY,SANMARTIN_099,#FFFFFF,,<color=#74664B>,,,,,NONE,,,,,,
SANMARTIN_100,STORY,SANMARTIN_100,#FFFFFF,,<color=#74664B>,,,,,NONE,,,,,,
SANMARTIN_101,STORY,SANMARTIN_101,#FFFFFF,,<color=#74664B>,,,,,NONE,,,,,,
SANMARTIN_102,STORY,SANMARTIN_102,#FFFFFF,,<color=#74664B>,,,,,NONE,,,,,,
SANMARTIN_103,STORY,SANMARTIN_103,#FFFFFF,,<color=#74664B>,,,,,NONE,,,,,,
SANMARTIN_104,STORY,SANMARTIN_104,#FFFFFF,,<color=#74664B>,,,,,NONE,,,,,,
SANMARTIN_105,STORY,SANMARTIN_105,#FFFFFF,,<color=#74664B>,,,,,NONE,,,,,,
SANMARTIN_106,STORY,SANMARTIN_106,#FFFFFF,,<color=#74664B>,,,,,NONE,,,,,,
SANMARTIN_107,STORY,SANMARTIN_107,#FFFFFF,,<color=#74664B>,,,,,NONE,,,,,,
SANMARTIN_108,STORY,SANMARTIN_108,#FFFFFF,,<color=#74664B>,,,,,NONE,,,,,,
SANMARTIN_109,STORY,SANMARTIN_109,#FFFFFF,,<color=#74664B>,,,,,NONE,,,,,,
SANMARTIN_110,STORY,SANMARTIN_110,#FFFFFF,,<color=#74664B>,,,,,NONE,,,,,,
SANMARTIN_111,STORY,SANMARTIN_111,#FFFFFF,,<color=#74664B>,,,,,NONE,,,,,,
SANMARTIN_112,STORY,SANMARTIN_112,#FFFFFF,,<color=#74664B>,,,,,NONE,,,,,,
SANMARTIN_113,STORY,SANMARTIN_113,#FFFFFF,,<color=#74664B>,,,,,NONE,,,,,,
SANMARTIN_114,STORY,SANMARTIN_114,#FFFFFF,,<color=#74664B>,,,,,NONE,,,,,,
SANMARTIN_115,STORY,SANMARTIN_115,#FFFFFF,,<color=#74664B>,,,,,NONE,,,,,,
SANMARTIN_116,STORY,SANMARTIN_116,#FFFFFF,,<color=#74664B>,,,,,NONE,,,,,,
SANMARTIN_117,STORY,SANMARTIN_117,#FFFFFF,,<color=#74664B>,,,,,NONE,,,,,,
SANMARTIN_118,STORY,SANMARTIN_118,#FFFFFF,,<color=#74664B>,,,,,NONE,,,,,,
SANMARTIN_119,STORY,SANMARTIN_119,#FFFFFF,,<color=#74664B>,,,,,NONE,,,,,,
SANMARTIN_120,STORY,SANMARTIN_120,#FFFFFF,,<color=#74664B>,,,,,NONE,,,,,,
SANMARTIN_121,STORY,SANMARTIN_121,#FFFFFF,,<color=#74664B>,,,,,NONE,,,,,,
SANMARTIN_122,STORY,SANMARTIN_122,#FFFFFF,,<color=#74664B>,,,,,NONE,,,,,,
SANMARTIN_123,STORY,SANMARTIN_123,#FFFFFF,,<color=#74664B>,,,,,NONE,,,,,,
SANMARTIN_124,STORY,SANMARTIN_124,#FFFFFF,,<color=#74664B>,,,,,NONE,,,,,,
SANMARTIN_125,STORY,SANMARTIN_125,#FFFFFF,,<color=#74664B>,,,,,NONE,,,,,,
SANMARTIN_126,STORY,SANMARTIN_126,#FFFFFF,,<color=#74664B>,,,,,NONE,,,,,,
SANMARTIN_127,STORY,SANMARTIN_127,#FFFFFF,,<color=#74664B>,,,,,NONE,,,,,,
SANMARTIN_128,STORY,SANMARTIN_128,#FFFFFF,,<color=#74664B>,,,,,NONE,,,,,,
SANMARTIN_129,STORY,SANMARTIN_129,#FFFFFF,,<color=#74664B>,,,,,NONE,,,,,,
SANMARTIN_130,STORY,SANMARTIN_130,#FFFFFF,,<color=#74664B>,,,,,NONE,,,,,,
SANMARTIN_131,STORY,SANMARTIN_131,#FFFFFF,,<color=#74664B>,,,,,NONE,,,,,,
SANMARTIN_132,STORY,SANMARTIN_132,#FFFFFF,,<color=#74664B>,,,,,NONE,,,,,,
SANMARTIN_133,STORY,SANMARTIN_133,#FFFFFF,,<color=#74664B>,,,,,NONE,,,,,,
SANMARTIN_134,STORY,SANMARTIN_134,#FFFFFF,,<color=#74664B>,,,,,NONE,,,,,,
SANMARTIN_135,STORY,SANMARTIN_135,#FFFFFF,,<color=#74664B>,,,,,NONE,,,,,,
SANMARTIN_136,STORY,SANMARTIN_136,#FFFFFF,,<color=#74664B>,,,,,NONE,,,,,,
SANMARTIN_137,STORY,SANMARTIN_137,#FFFFFF,,<color=#74664B>,,,,,NONE,,,,,,
SANMARTIN_138,STORY,SANMARTIN_138,#FFFFFF,,<color=#74664B>,,,,,NONE,,,,,,
SANMARTIN_139,STORY,SANMARTIN_139,#FFFFFF,,<color=#74664B>,,,,,NONE,,,,,,
SANMARTIN_140,STORY,SANMARTIN_140,#FFFFFF,,<color=#74664B>,,,,,NONE,,,,,,
SANMARTIN_141,STORY,SANMARTIN_141,#FFFFFF,,<color=#74664B>,,,,,NONE,,,,,,
SANMARTIN_142,STORY,SANMARTIN_142,#FFFFFF,,<color=#74664B>,,,,,NONE,,,,,,
SANMARTIN_143,STORY,SANMARTIN_143,#FFFFFF,,<color=#74664B>,,,,,NONE,,,,,,
SANMARTIN_144,STORY,SANMARTIN_144,#FFFFFF,,<color=#74664B>,,,,,NONE,,,,,,
SANMARTIN_145,STORY,SANMARTIN_145,#FFFFFF,,<color=#74664B>,,,,,NONE,,,,,,
SANMARTIN_146,STORY,SANMARTIN_146,#FFFFFF,,<color=#74664B>,,,,,NONE,,,,,,
SANMARTIN_147,STORY,SANMARTIN_147,#FFFFFF,,<color=#74664B>,,,,,NONE,,,,,,
SANMARTIN_148,STORY,SANMARTIN_148,#FFFFFF,,<color=#74664B>,,,,,NONE,,,,,,
SANMARTIN_149,STORY,SANMARTIN_149,#FFFFFF,,<color=#74664B>,,,,,NONE,,,,,,
SANMARTIN_150,STORY,SANMARTIN_150,#FFFFFF,,<color=#74664B>,,,,,NONE,,,,,,
SANMARTIN_151,STORY,SANMARTIN_151,#FFFFFF,,<color=#74664B>,,,,,NONE,,,,,,
SANMARTIN_152,STORY,SANMARTIN_152,#FFFFFF,,<color=#74664B>,,,,,NONE,,,,,,
SANMARTIN_153,STORY,SANMARTIN_153,#FFFFFF,,<color=#74664B>,,,,,NONE,,,,,,
SANMARTIN_154,STORY,SANMARTIN_154,#FFFFFF,,<color=#74664B>,,,,,NONE,,,,,,
SANMARTIN_155,STORY,SANMARTIN_155,#FFFFFF,,<color=#74664B>,,,,,NONE,,,,,,
SANMARTIN_156,STORY,SANMARTIN_156,#FFFFFF,,<color=#74664B>,,,,,NONE,,,,,,
SANMARTIN_157,STORY,SANMARTIN_157,#FFFFFF,,<color=#74664B>,,,,,NONE,,,,,,
SANMARTIN_158,STORY,SANMARTIN_158,#FFFFFF,,<color=#74664B>,,,,,NONE,,,,,,
SANMARTIN_159,STORY,SANMARTIN_159,#FFFFFF,,<color=#74664B>,,,,,NONE,,,,,,
SANMARTIN_160,STORY,SANMARTIN_160,#FFFFFF,,<color=#74664B>,,,,,NONE,,,,,,
SANMARTIN_161,STORY,SANMARTIN_161,#FFFFFF,,<color=#74664B>,,,,,NONE,,,,,,
SANMARTIN_162,STORY,SANMARTIN_162,#FFFFFF,,<color=#74664B>,,,,,NONE,,,,,,
SANMARTIN_163,STORY,SANMARTIN_163,#FFFFFF,,<color=#74664B>,,,,,NONE,,,,,,
SANMARTIN_164,STORY,SANMARTIN_164,#FFFFFF,,<color=#74664B>,,,,,NONE,,,,,,
SANMARTIN_165,STORY,SANMARTIN_165,#FFFFFF,,<color=#74664B>,,,,,NONE,,,,,,
SANMARTIN_166,STORY,SANMARTIN_166,#FFFFFF,,<color=#74664B>,,,,,NONE,,,,,,
SANMARTIN_167,STORY,SANMARTIN_167,#FFFFFF,,<color=#74664B>,,,,,NONE,,,,,,
SANMARTIN_168,STORY,SANMARTIN_168,#FFFFFF,,<color=#74664B>,,,,,NONE,,,,,,
SANMARTIN_169,STORY,SANMARTIN_169,#FFFFFF,,<color=#74664B>,,,,,NONE,,,,,,
SANMARTIN_170,STORY,SANMARTIN_170,#FFFFFF,,<color=#74664B>,,,,,NONE,,,,,,
SANMARTIN_171,STORY,SANMARTIN_171,#FFFFFF,,<color=#74664B>,,,,,NONE,,,,,,
SANMARTIN_172,STORY,SANMARTIN_172,#FFFFFF,,<color=#74664B>,,,,,NONE,,,,,,
SANMARTIN_173,STORY,SANMARTIN_173,#FFFFFF,,<color=#74664B>,,,,,NONE,,,,,,
SANMARTIN_174,STORY,SANMARTIN_174,#FFFFFF,,<color=#74664B>,,,,,NONE,,,,,,
SANMARTIN_175,STORY,SANMARTIN_175,#FFFFFF,,<color=#74664B>,,,,,NONE,,,,,,
SANMARTIN_176,STORY,SANMARTIN_176,#FFFFFF,,<color=#74664B>,,,,,NONE,,,,,,
SANMARTIN_177,STORY,SANMARTIN_177,#FFFFFF,,<color=#74664B>,,,,,NONE,,,,,,
SANMARTIN_178,STORY,SANMARTIN_178,#FFFFFF,,<color=#74664B>,,,,,NONE,,,,,,
SANMARTIN_179,STORY,SANMARTIN_179,#FFFFFF,,<color=#74664B>,,,,,NONE,,,,,,
SANMARTIN_180,STORY,SANMARTIN_180,#FFFFFF,,<color=#74664B>,,,,,NONE,,,,,,
SANMARTIN_181,STORY,SANMARTIN_181,#FFFFFF,,<color=#74664B>,,,,,NONE,,,,,,
SANMARTIN_182,STORY,SANMARTIN_182,#FFFFFF,,<color=#74664B>,,,,,NONE,,,,,,
SANMARTIN_183,STORY,SANMARTIN_183,#FFFFFF,,<color=#74664B>,,,,,NONE,,,,,,
SANMARTIN_184,STORY,SANMARTIN_184,#FFFFFF,,<color=#74664B>,,,,,NONE,,,,,,
SANMARTIN_185,STORY,SANMARTIN_185,#FFFFFF,,<color=#74664B>,,,,,NONE,,,,,,
SANMARTIN_186,STORY,SANMARTIN_186,#FFFFFF,,<color=#74664B>,,,,,NONE,,,,,,
SANMARTIN_187,STORY,SANMARTIN_187,#FFFFFF,,<color=#74664B>,,,,,NONE,,,,,,
SANMARTIN_188,STORY,SANMARTIN_188,#FFFFFF,,<color=#74664B>,,,,,NONE,,,,,,
SANMARTIN_189,STORY,SANMARTIN_189,#FFFFFF,,<color=#74664B>,,,,,NONE,,,,,,
SANMARTIN_190,STORY,SANMARTIN_190,#FFFFFF,,<color=#74664B>,,,,,NONE,,,,,,
SANMARTIN_191,STORY,SANMARTIN_191,#FFFFFF,,<color=#74664B>,,,,,NONE,,,,,,
SANMARTIN_192,STORY,SANMARTIN_192,#FFFFFF,,<color=#74664B>,,,,,NONE,,,,,,
SANMARTIN_193,STORY,SANMARTIN_193,#FFFFFF,,<color=#74664B>,,,,,NONE,,,,,,
SANMARTIN_194,STORY,SANMARTIN_194,#FFFFFF,,<color=#74664B>,,,,,NONE,,,,,,
SANMARTIN_195,STORY,SANMARTIN_195,#FFFFFF,,<color=#74664B>,,,,,NONE,,,,,,
SANMARTIN_196,STORY,SANMARTIN_196,#FFFFFF,,<color=#74664B>,,,,,NONE,,,,,,
SANMARTIN_197,STORY,SANMARTIN_197,#FFFFFF,,<color=#74664B>,,,,,NONE,,,,,,
SANMARTIN_198,STORY,SANMARTIN_198,#FFFFFF,,<color=#74664B>,,,,,NONE,,,,,,
SANMARTIN_199,STORY,SANMARTIN_199,#FFFFFF,,<color=#74664B>,,,,,NONE,,,,,,
SANMARTIN_200,STORY,SANMARTIN_200,#FFFFFF,,<color=#74664B>,,,,,NONE,,,,,,
SANMARTIN_201,STORY,SANMARTIN_201,#FFFFFF,,<color=#74664B>,,,,,NONE,,,,,,
SANMARTIN_202,STORY,SANMARTIN_202,#FFFFFF,,<color=#74664B>,,,,,NONE,,,,,,
SANMARTIN_203,STORY,SANMARTIN_203,#FFFFFF,,<color=#74664B>,,,,,NONE,,,,,,
SANMARTIN_204,STORY,SANMARTIN_204,#FFFFFF,,<color=#74664B>,,,,,NONE,,,,,,
SANMARTIN_205,STORY,SANMARTIN_205,#FFFFFF,,<color=#74664B>,,,,,NONE,,,,,,
SANMARTIN_206,STORY,SANMARTIN_206,#FFFFFF,,<color=#74664B>,,,,,NONE,,,,,,
SANMARTIN_207,STORY,SANMARTIN_207,#FFFFFF,,<color=#74664B>,,,,,NONE,,,,,,
SANMARTIN_208,STORY,SANMARTIN_208,#FFFFFF,,<color=#74664B>,,,,,NONE,,,,,,
SANMARTIN_209,STORY,SANMARTIN_209,#FFFFFF,,<color=#74664B>,,,,,NONE,,,,,,
SANMARTIN_210,STORY,SANMARTIN_210,#FFFFFF,,<color=#74664B>,,,,,NONE,,,,,,
SANMARTIN_211,STORY,SANMARTIN_211,#FFFFFF,,<color=#74664B>,,,,,NONE,,,,,,
SANMARTIN_212,STORY,SANMARTIN_212,#FFFFFF,,<color=#74664B>,,,,,NONE,,,,,,
SANMARTIN_213,STORY,SANMARTIN_213,#FFFFFF,,<color=#74664B>,,,,,NONE,,,,,,
SANMARTIN_214,STORY,SANMARTIN_214,#FFFFFF,,<color=#74664B>,,,,,NONE,,,,,,
SANMARTIN_215,STORY,SANMARTIN_215,#FFFFFF,,<color=#74664B>,,,,,NONE,,,,,,
SANMARTIN_216,STORY,SANMARTIN_216,#FFFFFF,,<color=#74664B>,,,,,NONE,,,,,,
SANMARTIN_217,STORY,SANMARTIN_217,#FFFFFF,,<color=#74664B>,,,,,NONE,,,,,,
SANMARTIN_218,STORY,SANMARTIN_218,#FFFFFF,,<color=#74664B>,,,,,NONE,,,,,,
SANMARTIN_219,STORY,SANMARTIN_219,#FFFFFF,,<color=#74664B>,,,,,NONE,,,,,,
SANMARTIN_220,STORY,SANMARTIN_220,#FFFFFF,,<color=#74664B>,,,,,NONE,,,,,,
SANMARTIN_221,STORY,SANMARTIN_221,#FFFFFF,,<color=#74664B>,,,,,NONE,,,,,,
SANMARTIN_222,STORY,SANMARTIN_222,#FFFFFF,,<color=#74664B>,,,,,NONE,,,,,,
SANMARTIN_223,STORY,SANMARTIN_223,#FFFFFF,,<color=#74664B>,,,,,NONE,,,,,,
SANMARTIN_224,STORY,SANMARTIN_224,#FFFFFF,,<color=#74664B>,,,,,NONE,,,,,,
SANMARTIN_225,STORY,SANMARTIN_225,#FFFFFF,,<color=#74664B>,,,,,NONE,,,,,,
SANMARTIN_226,STORY,SANMARTIN_226,#FFFFFF,,<color=#74664B>,,,,,NONE,,,,,,
SANMARTIN_227,STORY,SANMARTIN_227,#FFFFFF,,<color=#74664B>,,,,,NONE,,,,,,
SANMARTIN_228,STORY,SANMARTIN_228,#FFFFFF,,<color=#74664B>,,,,,NONE,,,,,,
SANMARTIN_229,STORY,SANMARTIN_229,#FFFFFF,,<color=#74664B>,,,,,NONE,,,,,,
SANMARTIN_230,STORY,SANMARTIN_230,#FFFFFF,,<color=#74664B>,,,,,NONE,,,,,,
SANMARTIN_231,STORY,SANMARTIN_231,#FFFFFF,,<color=#74664B>,,,,,NONE,,,,,,
SANMARTIN_232,STORY,SANMARTIN_232,#FFFFFF,,<color=#74664B>,,,,,NONE,,,,,,
SANMARTIN_233,STORY,SANMARTIN_233,#FFFFFF,,<color=#74664B>,,,,,NONE,,,,,,
SANMARTIN_234,STORY,SANMARTIN_234,#FFFFFF,,<color=#74664B>,,,,,NONE,,,,,,
SANMARTIN_235,STORY,SANMARTIN_235,#FFFFFF,,<color=#74664B>,,,,,NONE,,,,,,
SANMARTIN_236,STORY,SANMARTIN_236,#FFFFFF,,<color=#74664B>,,,,,NONE,,,,,,
SANMARTIN_237,STORY,SANMARTIN_237,#FFFFFF,,<color=#74664B>,,,,,NONE,,,,,,
SANMARTIN_238,STORY,SANMARTIN_238,#FFFFFF,,<color=#74664B>,,,,,NONE,,,,,,
SANMARTIN_239,STORY,SANMARTIN_239,#FFFFFF,,<color=#74664B>,,,,,NONE,,,,,,
SANMARTIN_240,STORY,SANMARTIN_240,#FFFFFF,,<color=#74664B>,,,,,NONE,,,,,,
SANMARTIN_241,STORY,SANMARTIN_241,#FFFFFF,,<color=#74664B>,,,,,NONE,,,,,,
SANMARTIN_242,STORY,SANMARTIN_242,#FFFFFF,,<color=#74664B>,,,,,NONE,,,,,,
SANMARTIN_243,STORY,SANMARTIN_243,#FFFFFF,,<color=#74664B>,,,,,NONE,,,,,,
SANMARTIN_244,STORY,SANMARTIN_244,#FFFFFF,,<color=#74664B>,,,,,NONE,,,,,,
SANMARTIN_245,STORY,SANMARTIN_245,#FFFFFF,,<color=#74664B>,,,,,NONE,,,,,,
SANMARTIN_246,STORY,SANMARTIN_246,#FFFFFF,,<color=#74664B>,,,,,NONE,,,,,,
SANMARTIN_247,STORY,SANMARTIN_247,#FFFFFF,,<color=#74664B>,,,,,NONE,,,,,,
SANMARTIN_248,STORY,SANMARTIN_248,#FFFFFF,,<color=#74664B>,,,,,NONE,,,,,,
SANMARTIN_249,STORY,SANMARTIN_249,#FFFFFF,,<color=#74664B>,,,,,NONE,,,,,,
SANMARTIN_250,STORY,SANMARTIN_250,#FFFFFF,,<color=#74664B>,,,,,NONE,,,,,,
SANMARTIN_251,STORY,SANMARTIN_251,#FFFFFF,,<color=#74664B>,,,,,NONE,,,,,,
SANMARTIN_252,STORY,SANMARTIN_252,#FFFFFF,,<color=#74664B>,,,,,NONE,,,,,,
SANMARTIN_253,STORY,SANMARTIN_253,#FFFFFF,,<color=#74664B>,,,,,NONE,,,,,,
SANMARTIN_254,STORY,SANMARTIN_254,#FFFFFF,,<color=#74664B>,,,,,NONE,,,,,,
SANMARTIN_255,STORY,SANMARTIN_255,#FFFFFF,,<color=#74664B>,,,,,NONE,,,,,,
SANMARTIN_256,STORY,SANMARTIN_256,#FFFFFF,,<color=#74664B>,,,,,NONE,,,,,,
SANMARTIN_257,STORY,SANMARTIN_257,#FFFFFF,,<color=#74664B>,,,,,NONE,,,,,,
SANMARTIN_258,STORY,SANMARTIN_258,#FFFFFF,,<color=#74664B>,,,,,NONE,,,,,,
SANMARTIN_259,STORY,SANMARTIN_259,#FFFFFF,,<color=#74664B>,,,,,NONE,,,,,,
SANMARTIN_260,STORY,SANMARTIN_260,#FFFFFF,,<color=#74664B>,,,,,NONE,,,,,,
SANMARTIN_261,STORY,SANMARTIN_261,#FFFFFF,,<color=#74664B>,,,,,NONE,,,,,,
SANMARTIN_262,STORY,SANMARTIN_262,#FFFFFF,,<color=#74664B>,,,,,NONE,,,,,,
SANMARTIN_263,STORY,SANMARTIN_263,#FFFFFF,,<color=#74664B>,,,,,NONE,,,,,,
SANMARTIN_264,STORY,SANMARTIN_264,#FFFFFF,,<color=#74664B>,,,,,NONE,,,,,,